{
  "img_width": {
    "p5": 1024.0,
    "p95": 1024.0
  },
  "img_height": {
    "p5": 1024.0,
    "p95": 1024.0
  },
  "aspect_ratio": {
    "p5": 1.0,
    "p95": 1.0
  },
  "brightness_mean": {
    "p5": 172.75369873046876,
    "p95": 231.54269866943358
  },
  "brightness_std": {
    "p5": 21.996235322952273,
    "p95": 44.80709533691406
  },
  "r_mean": {
    "p5": 190.81168336868285,
    "p95": 244.44973015785217
  },
  "g_mean": {
    "p5": 169.65934038162231,
    "p95": 229.42391362190244
  },
  "b_mean": {
    "p5": 156.01045331954955,
    "p95": 222.23071770668028
  },
  "skin_mask_ratio": {
    "p5": 0.998263931274414,
    "p95": 1.0
  },
  "center_brightness": {
    "p5": 150.75181732177734,
    "p95": 183.84869384765625
  },
  "style_length": {
    "p5": 0.3,
    "p95": 0.62
  },
  "style_color_warmth": {
    "p5": 0.48,
    "p95": 0.88
  },
  "style_complexity": {
    "p5": 0.2,
    "p95": 0.78
  },
  "style_gloss": {
    "p5": 0.68,
    "p95": 0.96
  },
  "style_edge_roundness": {
    "p5": 0.62,
    "p95": 0.8
  }
}